,building_name,unit_name,unit_group,sqft,effective_price,date,leased_rate
0,Townhomes at Blendon,Classic,2x1,1100,1100,06/17/2023,False
1,Townhomes at Blendon,Classic,2x1,1100,1100,06/18/2023,False
2,Townhomes at Blendon,Classic,2x1,1100,1100,06/19/2023,False
3,Townhomes at Blendon,Classic,2x1,1100,1100,06/20/2023,False
4,Townhomes at Blendon,Classic,2x1,1100,1100,06/21/2023,False
5,Townhomes at Blendon,Classic,2x1,1100,1100,06/22/2023,False
6,Townhomes at Blendon,Classic,2x1,1100,1100,06/23/2023,False
7,Townhomes at Blendon,Classic,2x1,1100,1100,06/24/2023,False
8,Townhomes at Blendon,Classic,2x1,1100,1100,06/25/2023,False
9,Townhomes at Blendon,Classic,2x1,1100,1100,06/26/2023,False
10,Townhomes at Blendon,Classic,2x1,1100,1100,06/27/2023,False
11,Townhomes at Blendon,Classic,2x1,1100,1100,06/28/2023,False
12,Townhomes at Blendon,Classic,2x1,1100,1100,06/29/2023,False
13,Townhomes at Blendon,Classic,2x1,1100,1100,06/30/2023,False
14,Townhomes at Blendon,Classic,2x1,1100,1100,07/01/2023,False
15,Townhomes at Blendon,Classic,2x1,1100,1100,07/02/2023,False
16,Townhomes at Blendon,Classic,2x1,1100,1100,07/03/2023,False
17,Townhomes at Blendon,Classic,2x1,1100,1100,07/04/2023,False
18,Townhomes at Blendon,Classic,2x1,1100,1100,07/05/2023,False
19,Townhomes at Blendon,Classic,2x1,1100,1100,07/06/2023,False
20,Townhomes at Blendon,Classic,2x1,1100,1100,07/07/2023,False
21,Townhomes at Blendon,Classic,2x1,1100,1100,07/08/2023,False
22,Townhomes at Blendon,Classic,2x1,1100,1100,07/09/2023,False
23,Townhomes at Blendon,Classic,2x1,1100,1100,07/10/2023,False
24,Townhomes at Blendon,Classic,2x1,1100,1100,07/11/2023,False
25,Townhomes at Blendon,Classic,2x1,1100,1100,07/12/2023,False
26,Townhomes at Blendon,Classic,2x1,1100,1100,07/13/2023,False
27,Townhomes at Blendon,Classic,2x1,1100,1100,07/14/2023,False
28,Townhomes at Blendon,Classic,2x1,1100,1100,07/15/2023,False
29,Townhomes at Blendon,Classic,2x1,1100,1100,07/16/2023,False
30,Townhomes at Blendon,Classic,2x1,1100,1100,07/17/2023,False
31,Townhomes at Blendon,Classic,2x1,1100,1100,07/18/2023,False
32,Townhomes at Blendon,Classic,2x1,1100,1100,07/19/2023,False
33,Townhomes at Blendon,Classic,2x1,1100,1100,07/20/2023,False
34,Townhomes at Blendon,Classic,2x1,1100,1100,07/21/2023,False
35,Townhomes at Blendon,Classic,2x1,1100,1100,07/22/2023,False
36,Townhomes at Blendon,Classic,2x1,1100,1100,07/23/2023,False
37,Townhomes at Blendon,Classic,2x1,1100,1100,07/24/2023,False
38,Townhomes at Blendon,Classic,2x1,1100,1100,07/25/2023,False
39,Townhomes at Blendon,Classic,2x1,1100,1100,07/26/2023,False
40,Townhomes at Blendon,Classic,2x1,1100,1100,07/27/2023,False
41,Townhomes at Blendon,Classic,2x1,1100,1100,07/28/2023,False
42,Townhomes at Blendon,Classic,2x1,1100,1100,07/29/2023,False
43,Townhomes at Blendon,Classic,2x1,1100,1100,07/30/2023,False
44,Townhomes at Blendon,Classic,2x1,1100,1100,07/31/2023,False
45,Townhomes at Blendon,Classic,2x1,1100,1100,08/01/2023,False
46,Townhomes at Blendon,Classic,2x1,1100,1100,08/02/2023,False
47,Townhomes at Blendon,Classic,2x1,1100,1100,08/03/2023,False
48,Townhomes at Blendon,Classic,2x1,1100,1100,08/04/2023,False
49,Townhomes at Blendon,Classic,2x1,1100,1100,08/05/2023,False
50,Townhomes at Blendon,Classic,2x1,1100,1100,08/06/2023,False
51,Townhomes at Blendon,Classic,2x1,1100,1100,08/07/2023,False
52,Townhomes at Blendon,Classic,2x1,1100,1100,08/08/2023,False
53,Townhomes at Blendon,Classic,2x1,1100,1100,08/09/2023,False
54,Townhomes at Blendon,Classic,2x1,1100,1100,08/10/2023,False
55,Townhomes at Blendon,Classic,2x1,1100,1100,08/11/2023,False
56,Townhomes at Blendon,Classic,2x1,1100,1100,08/12/2023,False
57,Townhomes at Blendon,Classic,2x1,1100,1100,08/13/2023,False
58,Townhomes at Blendon,Classic,2x1,1100,1100,08/14/2023,False
59,Townhomes at Blendon,Classic,2x1,1100,1100,08/15/2023,False
60,Townhomes at Blendon,Classic,2x1,1100,1100,08/16/2023,False
61,Townhomes at Blendon,Classic,2x1,1100,1100,08/17/2023,False
62,Townhomes at Blendon,Classic,2x1,1100,1100,08/18/2023,False
63,Townhomes at Blendon,Classic,2x1,1100,1100,08/19/2023,False
64,Townhomes at Blendon,Classic,2x1,1100,1100,08/20/2023,False
65,Townhomes at Blendon,Classic,2x1,1100,1100,08/21/2023,False
66,Townhomes at Blendon,Classic,2x1,1100,1100,08/22/2023,False
67,Townhomes at Blendon,Classic,2x1,1100,1100,08/23/2023,False
68,Townhomes at Blendon,Classic,2x1,1100,1100,08/24/2023,False
69,Townhomes at Blendon,Classic,2x1,1100,1100,08/25/2023,False
70,Townhomes at Blendon,Classic,2x1,1100,1100,08/26/2023,False
71,Townhomes at Blendon,Classic,2x1,1100,1100,08/27/2023,False
72,Townhomes at Blendon,Classic,2x1,1100,1100,08/28/2023,False
73,Townhomes at Blendon,Classic,2x1,1100,1100,08/29/2023,False
74,Townhomes at Blendon,Classic,2x1,1100,1100,08/30/2023,False
75,Townhomes at Blendon,Classic,2x1,1100,1100,08/31/2023,False
76,Townhomes at Blendon,Classic,2x1,1100,1100,09/01/2023,False
77,Townhomes at Blendon,Classic,2x1,1100,1100,09/02/2023,False
78,Townhomes at Blendon,Classic,2x1,1100,1100,09/03/2023,False
79,Townhomes at Blendon,Classic,2x1,1100,1100,09/04/2023,False
80,Townhomes at Blendon,Classic,2x1,1100,1100,09/05/2023,False
81,Townhomes at Blendon,Classic,2x1,1100,1100,09/06/2023,False
82,Townhomes at Blendon,Classic,2x1,1100,1100,09/07/2023,False
83,Townhomes at Blendon,Classic,2x1,1100,1100,09/08/2023,False
84,Townhomes at Blendon,Classic,2x1,1100,1100,09/09/2023,False
85,Townhomes at Blendon,Classic,2x1,1100,1100,09/10/2023,False
86,Townhomes at Blendon,Classic,2x1,1100,1100,09/11/2023,False
87,Townhomes at Blendon,Classic,2x1,1100,1100,09/12/2023,False
88,Townhomes at Blendon,Classic,2x1,1100,1100,09/13/2023,False
89,Townhomes at Blendon,Classic,2x1,1100,1100,09/14/2023,False
90,Townhomes at Blendon,Classic,2x1,1100,1100,09/15/2023,False
91,Townhomes at Blendon,Classic,2x1,1100,1100,09/16/2023,False
92,Townhomes at Blendon,Classic,2x1,1100,1100,09/17/2023,False
93,Townhomes at Blendon,Classic,2x1,1100,1100,09/18/2023,False
94,Townhomes at Blendon,Classic,2x1,1100,1100,09/19/2023,False
95,Townhomes at Blendon,Classic,2x1,1100,1100,09/20/2023,False
96,Townhomes at Blendon,Classic,2x1,1100,1100,09/21/2023,False
97,Townhomes at Blendon,Classic,2x1,1100,1100,09/22/2023,False
98,Townhomes at Blendon,Classic,2x1,1100,1100,09/23/2023,False
99,Townhomes at Blendon,Classic,2x1,1100,1100,09/24/2023,False
100,Townhomes at Blendon,Classic,2x1,1100,1100,09/25/2023,False
101,Townhomes at Blendon,Classic,2x1,1100,1100,09/26/2023,False
102,Townhomes at Blendon,Classic,2x1,1100,1100,09/27/2023,False
103,Townhomes at Blendon,Classic,2x1,1100,1100,09/28/2023,False
104,Townhomes at Blendon,Classic,2x1,1100,1100,09/29/2023,False
105,Townhomes at Blendon,Classic,2x1,1100,1100,09/30/2023,False
106,Townhomes at Blendon,Classic,2x1,1100,1100,10/01/2023,False
107,Townhomes at Blendon,Classic,2x1,1100,1100,10/02/2023,False
108,Townhomes at Blendon,Classic,2x1,1100,1100,10/03/2023,False
109,Townhomes at Blendon,Classic,2x1,1100,1100,10/04/2023,False
110,Townhomes at Blendon,Classic,2x1,1100,1100,10/05/2023,False
111,Townhomes at Blendon,Classic,2x1,1100,1100,10/06/2023,False
112,Townhomes at Blendon,Classic,2x1,1100,1100,10/07/2023,False
113,Townhomes at Blendon,Classic,2x1,1100,1100,10/08/2023,False
114,Townhomes at Blendon,Classic,2x1,1100,1100,10/09/2023,False
115,Townhomes at Blendon,Classic,2x1,1100,1100,10/10/2023,False
116,Townhomes at Blendon,Classic,2x1,1100,1100,10/11/2023,False
117,Townhomes at Blendon,Classic,2x1,1100,1100,10/12/2023,False
118,Townhomes at Blendon,Classic,2x1,1100,1100,10/13/2023,False
119,Townhomes at Blendon,Classic,2x1,1100,1100,10/14/2023,False
120,Townhomes at Blendon,Classic,2x1,1100,1100,10/15/2023,False
121,Townhomes at Blendon,Classic,2x1,1100,1100,10/16/2023,False
122,Townhomes at Blendon,Classic,2x1,1100,1100,10/17/2023,False
123,Townhomes at Blendon,Classic,2x1,1100,1100,10/18/2023,False
124,Townhomes at Blendon,Classic,2x1,1100,1100,10/19/2023,False
125,Townhomes at Blendon,Classic,2x1,1100,1100,10/20/2023,False
126,Townhomes at Blendon,Classic,2x1,1100,1100,10/21/2023,False
127,Townhomes at Blendon,Classic,2x1,1100,1100,10/22/2023,False
128,Townhomes at Blendon,Classic,2x1,1100,1100,10/23/2023,False
129,Townhomes at Blendon,Classic,2x1,1100,1100,10/24/2023,False
130,Townhomes at Blendon,Classic,2x1,1100,1100,10/25/2023,False
131,Townhomes at Blendon,Classic,2x1,1100,1050,10/26/2023,False
132,Townhomes at Blendon,Classic,2x1,1100,1050,10/27/2023,False
133,Townhomes at Blendon,Classic,2x1,1100,1050,10/28/2023,False
134,Townhomes at Blendon,Classic,2x1,1100,1050,10/29/2023,False
135,Townhomes at Blendon,Classic,2x1,1100,1050,10/30/2023,False
136,Townhomes at Blendon,Classic,2x1,1100,1050,10/31/2023,False
137,Townhomes at Blendon,Classic,2x1,1100,1050,11/01/2023,False
138,Townhomes at Blendon,Classic,2x1,1100,1050,11/02/2023,False
139,Townhomes at Blendon,Classic,2x1,1100,1050,11/03/2023,False
140,Townhomes at Blendon,Classic,2x1,1100,1050,11/04/2023,False
141,Townhomes at Blendon,Classic,2x1,1100,1050,11/05/2023,False
142,Townhomes at Blendon,Classic,2x1,1100,1050,11/06/2023,False
143,Townhomes at Blendon,Classic,2x1,1100,1050,11/07/2023,False
144,Townhomes at Blendon,Classic,2x1,1100,1050,11/08/2023,False
145,Townhomes at Blendon,Classic,2x1,1100,1050,11/09/2023,False
146,Townhomes at Blendon,Classic,2x1,1100,1050,11/10/2023,False
147,Townhomes at Blendon,Classic,2x1,1100,1050,11/11/2023,False
148,Townhomes at Blendon,Classic,2x1,1100,1050,11/12/2023,False
149,Townhomes at Blendon,Classic,2x1,1100,1050,11/13/2023,False
150,Townhomes at Blendon,Classic,2x1,1100,1050,11/14/2023,False
151,Townhomes at Blendon,Classic,2x1,1100,1150,11/15/2023,False
152,Townhomes at Blendon,Classic,2x1,1100,1150,11/16/2023,False
153,Townhomes at Blendon,Classic,2x1,1100,1150,11/17/2023,False
154,Townhomes at Blendon,Classic,2x1,1100,1150,11/18/2023,False
155,Townhomes at Blendon,Classic,2x1,1100,1150,11/19/2023,False
156,Townhomes at Blendon,Classic,2x1,1100,1150,11/20/2023,False
157,Townhomes at Blendon,Classic,2x1,1100,1150,11/21/2023,False
158,Townhomes at Blendon,Classic,2x1,1100,1117,11/22/2023,False
159,Townhomes at Blendon,Classic,2x1,1100,1117,11/23/2023,False
160,Townhomes at Blendon,Classic,2x1,1100,1117,11/24/2023,False
161,Townhomes at Blendon,Classic,2x1,1100,1117,11/25/2023,False
162,Townhomes at Blendon,Classic,2x1,1100,1117,11/26/2023,False
163,Townhomes at Blendon,Classic,2x1,1100,1117,11/27/2023,False
164,Townhomes at Blendon,Classic,2x1,1100,1117,11/28/2023,False
165,Townhomes at Blendon,Classic,2x1,1100,1117,11/29/2023,False
166,Townhomes at Blendon,Classic,2x1,1100,1117,11/30/2023,False
167,Townhomes at Blendon,Classic,2x1,1100,1117,12/01/2023,False
168,Townhomes at Blendon,Classic,2x1,1100,1117,12/02/2023,False
169,Townhomes at Blendon,Classic,2x1,1100,1117,12/03/2023,False
170,Townhomes at Blendon,Classic,2x1,1100,1117,12/04/2023,False
171,Townhomes at Blendon,Classic,2x1,1100,1117,12/05/2023,False
172,Townhomes at Blendon,Classic,2x1,1100,1117,12/06/2023,False
173,Townhomes at Blendon,Classic,2x1,1100,1117,12/07/2023,False
174,Townhomes at Blendon,Classic,2x1,1100,1117,12/08/2023,False
175,Townhomes at Blendon,Classic,2x1,1100,1117,12/09/2023,False
176,Townhomes at Blendon,Classic,2x1,1100,1117,12/10/2023,False
177,Townhomes at Blendon,Classic,2x1,1100,1117,12/11/2023,False
178,Townhomes at Blendon,Classic,2x1,1100,1117,12/12/2023,False
179,Townhomes at Blendon,Classic,2x1,1100,1117,12/13/2023,False
180,Townhomes at Blendon,Classic,2x1,1100,1117,12/14/2023,False
181,Townhomes at Blendon,Classic,2x1,1100,1117,12/15/2023,False
182,Townhomes at Blendon,Classic,2x1,1100,1100,12/16/2023,False
183,Townhomes at Blendon,Classic,2x1,1100,1100,12/17/2023,False
184,Townhomes at Blendon,Classic,2x1,1100,1100,12/18/2023,False
185,Townhomes at Blendon,Classic,2x1,1100,1100,12/19/2023,False
186,Townhomes at Blendon,Classic,2x1,1100,1100,12/20/2023,False
187,Townhomes at Blendon,Classic,2x1,1100,1100,12/21/2023,False
188,Townhomes at Blendon,Classic,2x1,1100,1100,12/22/2023,False
189,Townhomes at Blendon,Classic,2x1,1100,1100,12/23/2023,False
190,Townhomes at Blendon,Classic,2x1,1100,1100,12/24/2023,False
191,Townhomes at Blendon,Classic,2x1,1100,1100,12/25/2023,False
192,Townhomes at Blendon,Classic,2x1,1100,1100,12/26/2023,False
193,Townhomes at Blendon,Classic,2x1,1100,1100,12/27/2023,False
194,Townhomes at Blendon,Classic,2x1,1100,1100,12/28/2023,False
195,Townhomes at Blendon,Classic,2x1,1100,1100,12/29/2023,False
196,Townhomes at Blendon,Classic,2x1,1100,1100,12/30/2023,False
197,Townhomes at Blendon,Classic,2x1,1100,1100,12/31/2023,False
198,Townhomes at Blendon,Classic,2x1,1100,1200,01/01/2024,False
199,Townhomes at Blendon,Classic,2x1,1100,1200,01/02/2024,False
200,Townhomes at Blendon,Classic,2x1,1100,1200,01/03/2024,False
201,Townhomes at Blendon,Classic,2x1,1100,1200,01/04/2024,False
202,Townhomes at Blendon,Classic,2x1,1100,1200,01/05/2024,False
203,Townhomes at Blendon,Classic,2x1,1100,1200,01/06/2024,False
204,Townhomes at Blendon,Classic,2x1,1100,1200,01/07/2024,False
205,Townhomes at Blendon,Classic,2x1,1100,1200,01/08/2024,False
206,Townhomes at Blendon,Classic,2x1,1100,1200,01/09/2024,False
207,Townhomes at Blendon,Classic,2x1,1100,1200,01/10/2024,False
208,Townhomes at Blendon,Classic,2x1,1100,1200,01/11/2024,False
209,Townhomes at Blendon,Classic,2x1,1100,1200,01/12/2024,False
210,Townhomes at Blendon,Classic,2x1,1100,1200,01/13/2024,False
211,Townhomes at Blendon,Classic,2x1,1100,1200,01/14/2024,False
212,Townhomes at Blendon,Classic,2x1,1100,1200,01/15/2024,False
213,Townhomes at Blendon,Classic,2x1,1100,1200,01/16/2024,False
214,Townhomes at Blendon,Classic,2x1,1100,1200,01/17/2024,False
215,Townhomes at Blendon,Classic,2x1,1100,1200,01/18/2024,False
216,Townhomes at Blendon,Classic,2x1,1100,1200,01/19/2024,False
217,Townhomes at Blendon,Classic,2x1,1100,1200,01/20/2024,False
218,Townhomes at Blendon,Classic,2x1,1100,1200,01/21/2024,False
219,Townhomes at Blendon,Classic,2x1,1100,1200,01/22/2024,False
220,Townhomes at Blendon,Classic,2x1,1100,1200,01/23/2024,False
221,Townhomes at Blendon,Classic,2x1,1100,1200,01/24/2024,False
222,Townhomes at Blendon,Classic,2x1,1100,1200,01/25/2024,False
223,Townhomes at Blendon,Classic,2x1,1100,1200,01/26/2024,False
224,Townhomes at Blendon,Classic,2x1,1100,1200,01/27/2024,False
225,Townhomes at Blendon,Classic,2x1,1100,1200,01/28/2024,False
226,Townhomes at Blendon,Classic,2x1,1100,1200,01/29/2024,False
227,Townhomes at Blendon,Classic,2x1,1100,1200,01/30/2024,False
228,Townhomes at Blendon,Classic,2x1,1100,1200,01/31/2024,False
229,Townhomes at Blendon,Classic,2x1,1100,1200,02/01/2024,False
230,Townhomes at Blendon,Classic,2x1,1100,1200,02/02/2024,False
231,Townhomes at Blendon,Classic,2x1,1100,1200,02/03/2024,False
232,Townhomes at Blendon,Classic,2x1,1100,1200,02/04/2024,False
233,Townhomes at Blendon,Classic,2x1,1100,1200,02/05/2024,False
234,Townhomes at Blendon,Classic,2x1,1100,1200,02/06/2024,False
235,Townhomes at Blendon,Classic,2x1,1100,1200,02/07/2024,False
236,Townhomes at Blendon,Classic,2x1,1100,1200,02/08/2024,False
237,Townhomes at Blendon,Classic,2x1,1100,1200,02/09/2024,False
238,Townhomes at Blendon,Classic,2x1,1100,1200,02/10/2024,False
239,Townhomes at Blendon,Classic,2x1,1100,1200,02/11/2024,False
240,Townhomes at Blendon,Classic,2x1,1100,1200,02/12/2024,False
241,Townhomes at Blendon,Classic,2x1,1100,1200,02/13/2024,False
242,Townhomes at Blendon,Classic,2x1,1100,1200,02/14/2024,False
243,Townhomes at Blendon,Classic,2x1,1100,1200,02/15/2024,False
244,Townhomes at Blendon,Classic,2x1,1100,1200,02/16/2024,False
245,Townhomes at Blendon,Classic,2x1,1100,1200,02/17/2024,False
246,Townhomes at Blendon,Classic,2x1,1100,1200,02/18/2024,False
247,Townhomes at Blendon,Classic,2x1,1100,1200,02/19/2024,False
248,Townhomes at Blendon,Classic,2x1,1100,1200,02/20/2024,False
249,Townhomes at Blendon,Classic,2x1,1100,1200,02/21/2024,False
250,Townhomes at Blendon,Classic,2x1,1100,1125,02/22/2024,False
251,Townhomes at Blendon,Classic,2x1,1100,1125,02/23/2024,False
252,Townhomes at Blendon,Classic,2x1,1100,1125,02/24/2024,False
253,Townhomes at Blendon,Classic,2x1,1100,1125,02/25/2024,False
254,Townhomes at Blendon,Classic,2x1,1100,1125,02/26/2024,False
255,Townhomes at Blendon,Classic,2x1,1100,1125,02/27/2024,False
256,Townhomes at Blendon,Classic,2x1,1100,1125,02/28/2024,False
257,Townhomes at Blendon,Classic,2x1,1100,1125,02/29/2024,False
258,Townhomes at Blendon,Classic,2x1,1100,1125,03/01/2024,False
259,Townhomes at Blendon,Classic,2x1,1100,1125,03/02/2024,False
260,Townhomes at Blendon,Classic,2x1,1100,1125,03/03/2024,False
261,Townhomes at Blendon,Classic,2x1,1100,1125,03/04/2024,False
262,Townhomes at Blendon,Classic,2x1,1100,1125,03/05/2024,False
263,Townhomes at Blendon,Classic,2x1,1100,1125,03/06/2024,False
264,Townhomes at Blendon,Classic,2x1,1100,1125,03/07/2024,False
265,Townhomes at Blendon,Classic,2x1,1100,1125,03/08/2024,False
266,Townhomes at Blendon,Classic,2x1,1100,1125,03/09/2024,False
267,Townhomes at Blendon,Classic,2x1,1100,1125,03/10/2024,False
268,Townhomes at Blendon,Classic,2x1,1100,1125,03/11/2024,False
269,Townhomes at Blendon,Classic,2x1,1100,1125,03/12/2024,False
270,Townhomes at Blendon,Classic,2x1,1100,1125,03/13/2024,False
271,Townhomes at Blendon,Classic,2x1,1100,1125,03/14/2024,False
272,Townhomes at Blendon,Classic,2x1,1100,1125,03/15/2024,False
273,Townhomes at Blendon,Classic,2x1,1100,1125,03/16/2024,False
274,Townhomes at Blendon,Classic,2x1,1100,1125,03/17/2024,False
275,Townhomes at Blendon,Classic,2x1,1100,1125,03/18/2024,False
276,Townhomes at Blendon,Classic,2x1,1100,1125,03/19/2024,False
277,Townhomes at Blendon,Classic,2x1,1100,1125,03/20/2024,False
278,Townhomes at Blendon,Classic,2x1,1100,1125,03/21/2024,False
279,Townhomes at Blendon,Classic,2x1,1100,1125,03/22/2024,False
280,Townhomes at Blendon,Classic,2x1,1100,1125,03/23/2024,False
281,Townhomes at Blendon,Classic,2x1,1100,1200,03/24/2024,False
282,Townhomes at Blendon,Classic,2x1,1100,1200,03/25/2024,False
283,Townhomes at Blendon,Classic,2x1,1100,1200,03/26/2024,False
284,Townhomes at Blendon,Classic,2x1,1100,1200,03/27/2024,False
285,Townhomes at Blendon,Classic,2x1,1100,1200,03/28/2024,False
286,Townhomes at Blendon,Classic,2x1,1100,1200,03/29/2024,False
287,Townhomes at Blendon,Classic,2x1,1100,1200,03/30/2024,False
288,Townhomes at Blendon,Classic,2x1,1100,1200,03/31/2024,False
289,Townhomes at Blendon,Classic,2x1,1100,1200,04/01/2024,False
290,Townhomes at Blendon,Classic,2x1,1100,1200,04/02/2024,False
291,Townhomes at Blendon,Classic,2x1,1100,1200,04/03/2024,False
292,Townhomes at Blendon,Classic,2x1,1100,1200,04/04/2024,False
293,Townhomes at Blendon,Classic,2x1,1100,1200,04/05/2024,False
294,Townhomes at Blendon,Classic,2x1,1100,1200,04/06/2024,False
295,Townhomes at Blendon,Classic,2x1,1100,1200,04/07/2024,False
296,Townhomes at Blendon,Classic,2x1,1100,1200,04/08/2024,False
297,Townhomes at Blendon,Classic,2x1,1100,1200,04/09/2024,False
298,Townhomes at Blendon,Classic,2x1,1100,1200,04/10/2024,False
299,Townhomes at Blendon,Classic,2x1,1100,1200,04/11/2024,False
300,Townhomes at Blendon,Classic,2x1,1100,1200,04/12/2024,False
301,Townhomes at Blendon,Classic,2x1,1100,1200,04/13/2024,False
302,Townhomes at Blendon,Classic,2x1,1100,1200,04/14/2024,False
303,Townhomes at Blendon,Classic,2x1,1100,1200,04/15/2024,False
304,Townhomes at Blendon,Classic,2x1,1100,1200,04/16/2024,False
305,Townhomes at Blendon,Classic,2x1,1100,1200,04/17/2024,False
306,Townhomes at Blendon,Classic,2x1,1100,1200,04/18/2024,False
307,Townhomes at Blendon,Classic,2x1,1100,1200,04/19/2024,False
308,Townhomes at Blendon,Classic,2x1,1100,1200,04/20/2024,False
309,Townhomes at Blendon,Classic,2x1,1100,1200,04/21/2024,False
310,Townhomes at Blendon,Classic,2x1,1100,1200,04/22/2024,False
311,Townhomes at Blendon,Classic,2x1,1100,1200,04/23/2024,False
312,Townhomes at Blendon,Classic,2x1,1100,1200,04/24/2024,False
313,Townhomes at Blendon,Classic,2x1,1100,1200,04/25/2024,False
314,Townhomes at Blendon,Classic,2x1,1100,1200,04/26/2024,False
315,Townhomes at Blendon,Classic,2x1,1100,1200,04/27/2024,False
316,Townhomes at Blendon,Classic,2x1,1100,1200,04/28/2024,False
317,Townhomes at Blendon,Classic,2x1,1100,1200,04/29/2024,False
318,Townhomes at Blendon,Classic,2x1,1100,1200,04/30/2024,False
319,Townhomes at Blendon,Classic,2x1,1100,1200,05/01/2024,False
320,Townhomes at Blendon,Classic,2x1,1100,1200,05/02/2024,False
321,Townhomes at Blendon,Classic,2x1,1100,1200,05/03/2024,False
322,Townhomes at Blendon,Classic,2x1,1100,1200,05/04/2024,False
323,Townhomes at Blendon,Classic,2x1,1100,1200,05/05/2024,False
324,Townhomes at Blendon,Classic,2x1,1100,1200,05/06/2024,False
325,Townhomes at Blendon,Classic,2x1,1100,1200,05/07/2024,False
326,Townhomes at Blendon,Classic,2x1,1100,1200,05/08/2024,False
327,Townhomes at Blendon,Classic,2x1,1100,1200,05/09/2024,False
328,Townhomes at Blendon,Classic,2x1,1100,1200,05/10/2024,False
329,Townhomes at Blendon,Classic,2x1,1100,1200,05/11/2024,False
330,Townhomes at Blendon,Classic,2x1,1100,1200,05/12/2024,False
331,Townhomes at Blendon,Classic,2x1,1100,1200,05/13/2024,False
332,Townhomes at Blendon,Classic,2x1,1100,1200,05/14/2024,False
333,Townhomes at Blendon,Classic,2x1,1100,1200,05/15/2024,False
334,Townhomes at Blendon,Classic,2x1,1100,1158,05/16/2024,False
335,Townhomes at Blendon,Classic,2x1,1100,1158,05/17/2024,False
336,Townhomes at Blendon,Classic,2x1,1100,1158,05/18/2024,False
337,Townhomes at Blendon,Classic,2x1,1100,1158,05/19/2024,False
338,Townhomes at Blendon,Classic,2x1,1100,1158,05/20/2024,False
339,Townhomes at Blendon,Classic,2x1,1100,1158,05/21/2024,False
340,Townhomes at Blendon,Classic,2x1,1100,1158,05/22/2024,False
341,Townhomes at Blendon,Classic,2x1,1100,1158,05/23/2024,False
342,Townhomes at Blendon,Classic,2x1,1100,1158,05/24/2024,False
343,Townhomes at Blendon,Classic,2x1,1100,1158,05/25/2024,False
344,Townhomes at Blendon,Classic,2x1,1100,1158,05/26/2024,False
345,Townhomes at Blendon,Classic,2x1,1100,1158,05/27/2024,False
346,Townhomes at Blendon,Classic,2x1,1100,1158,05/28/2024,False
347,Townhomes at Blendon,Classic,2x1,1100,1158,05/29/2024,False
348,Townhomes at Blendon,Classic,2x1,1100,1158,05/30/2024,False
349,Townhomes at Blendon,Classic,2x1,1100,1158,05/31/2024,False
350,Townhomes at Blendon,Classic,2x1,1100,1158,06/01/2024,False
351,Townhomes at Blendon,Classic,2x1,1100,1158,06/02/2024,False
352,Townhomes at Blendon,Classic,2x1,1100,1158,06/03/2024,False
353,Townhomes at Blendon,Classic,2x1,1100,1158,06/04/2024,False
354,Townhomes at Blendon,Classic,2x1,1100,1158,06/05/2024,False
355,Townhomes at Blendon,Classic,2x1,1100,1158,06/06/2024,False
356,Townhomes at Blendon,Classic,2x1,1100,1158,06/07/2024,False
357,Townhomes at Blendon,Classic,2x1,1100,1158,06/08/2024,False
358,Townhomes at Blendon,Classic,2x1,1100,1158,06/09/2024,False
359,Townhomes at Blendon,Classic,2x1,1100,1158,06/10/2024,False
360,Townhomes at Blendon,Classic,2x1,1100,1158,06/11/2024,False
361,Townhomes at Blendon,Classic,2x1,1100,1158,06/12/2024,False
362,Townhomes at Blendon,Classic,2x1,1100,1158,06/13/2024,False
363,Townhomes at Blendon,Classic,2x1,1100,1158,06/14/2024,False
364,Townhomes at Blendon,Classic,2x1,1100,1158,06/15/2024,False
365,Townhomes at Blendon,Classic,2x1,1100,1200,06/16/2024,False
366,Townhomes at Blendon,Classic,2x1,1100,1200,06/17/2024,False
367,Townhomes at Blendon,Classic,2x1,1100,1200,06/18/2024,False
368,Townhomes at Blendon,Classic,2x1,1100,1200,06/19/2024,False
369,Townhomes at Blendon,Classic,2x1,1100,1200,06/20/2024,False
370,Townhomes at Blendon,Classic,2x1,1100,1200,06/21/2024,False
371,Townhomes at Blendon,Classic,2x1,1100,1200,06/22/2024,False
372,Townhomes at Blendon,Classic,2x1,1100,1200,06/23/2024,False
373,Townhomes at Blendon,Classic,2x1,1100,1200,06/24/2024,False
374,Townhomes at Blendon,Classic,2x1,1100,1200,06/25/2024,False
375,Townhomes at Blendon,Classic,2x1,1100,1200,06/26/2024,False
376,Townhomes at Blendon,Classic,2x1,1100,1200,06/27/2024,False
377,Townhomes at Blendon,Classic,2x1,1100,1200,06/28/2024,False
378,Townhomes at Blendon,Classic,2x1,1100,1200,06/29/2024,False
379,Townhomes at Blendon,Classic,2x1,1100,1200,06/30/2024,False
380,Townhomes at Blendon,Classic,2x1,1100,1200,07/01/2024,False
381,Townhomes at Blendon,Classic,2x1,1100,1200,07/02/2024,False
382,Townhomes at Blendon,Classic,2x1,1100,1200,07/03/2024,False
383,Townhomes at Blendon,Classic,2x1,1100,1200,07/04/2024,False
384,Townhomes at Blendon,Classic,2x1,1100,1200,07/05/2024,False
385,Townhomes at Blendon,Classic,2x1,1100,1200,07/06/2024,False
386,Townhomes at Blendon,Classic,2x1,1100,1200,07/07/2024,False
387,Townhomes at Blendon,Classic,2x1,1100,1200,07/08/2024,False
388,Townhomes at Blendon,Classic,2x1,1100,1200,07/09/2024,False
389,Townhomes at Blendon,Classic,2x1,1100,1200,07/10/2024,False
390,Townhomes at Blendon,Classic,2x1,1100,1200,07/11/2024,False
391,Townhomes at Blendon,Classic,2x1,1100,1200,07/12/2024,False
392,Townhomes at Blendon,Classic,2x1,1100,1200,07/13/2024,False
393,Townhomes at Blendon,Classic,2x1,1100,1200,07/14/2024,False
394,Townhomes at Blendon,Classic,2x1,1100,1200,07/15/2024,False
395,Townhomes at Blendon,Classic,2x1,1100,1200,07/16/2024,False
396,Townhomes at Blendon,Classic,2x1,1100,1200,07/17/2024,False
397,Townhomes at Blendon,Classic,2x1,1100,1200,07/18/2024,False
398,Townhomes at Blendon,Classic,2x1,1100,1200,07/19/2024,False
399,Townhomes at Blendon,Classic,2x1,1100,1200,07/20/2024,False
400,Townhomes at Blendon,Classic,2x1,1100,1200,07/21/2024,False
401,Townhomes at Blendon,Classic,2x1,1100,1200,07/22/2024,False
402,Townhomes at Blendon,Classic,2x1,1100,1200,07/23/2024,False
403,Townhomes at Blendon,Classic,2x1,1100,1200,07/24/2024,False
404,Townhomes at Blendon,Classic,2x1,1100,1200,07/25/2024,False
405,Townhomes at Blendon,Classic,2x1,1100,1200,07/26/2024,False
406,Townhomes at Blendon,Classic,2x1,1100,1200,07/27/2024,False
407,Townhomes at Blendon,Classic,2x1,1100,1200,07/28/2024,False
408,Townhomes at Blendon,Classic,2x1,1100,1200,07/29/2024,False
409,Townhomes at Blendon,Classic,2x1,1100,1200,07/30/2024,False
410,Townhomes at Blendon,Classic,2x1,1100,1200,07/31/2024,False
411,Townhomes at Blendon,Classic,2x1,1100,1200,08/01/2024,False
412,Townhomes at Blendon,Classic,2x1,1100,1200,08/02/2024,False
413,Townhomes at Blendon,Classic,2x1,1100,1200,08/03/2024,False
414,Townhomes at Blendon,Classic,2x1,1100,1200,08/04/2024,False
415,Townhomes at Blendon,Classic,2x1,1100,1200,08/05/2024,False
416,Townhomes at Blendon,Classic,2x1,1100,1200,08/06/2024,False
417,Townhomes at Blendon,Classic,2x1,1100,1200,08/07/2024,False
418,Townhomes at Blendon,Classic,2x1,1100,1200,08/08/2024,False
419,Townhomes at Blendon,Classic,2x1,1100,1200,08/09/2024,False
420,Townhomes at Blendon,Classic,2x1,1100,1200,08/10/2024,False
421,Townhomes at Blendon,Classic,2x1,1100,1200,08/11/2024,False
422,Townhomes at Blendon,Classic,2x1,1100,1200,08/12/2024,False
423,Townhomes at Blendon,Classic,2x1,1100,1200,08/13/2024,False
424,Townhomes at Blendon,Classic,2x1,1100,1200,08/14/2024,False
425,Townhomes at Blendon,Classic,2x1,1100,1200,08/15/2024,False
426,Townhomes at Blendon,Classic,2x1,1100,1200,08/16/2024,False
427,Townhomes at Blendon,Classic,2x1,1100,1200,08/17/2024,False
428,Townhomes at Blendon,Classic,2x1,1100,1200,08/18/2024,False
429,Townhomes at Blendon,Classic,2x1,1100,1200,08/19/2024,False
430,Townhomes at Blendon,Classic,2x1,1100,1200,08/20/2024,False
431,Townhomes at Blendon,Classic,2x1,1100,1200,08/21/2024,False
432,Townhomes at Blendon,Classic,2x1,1100,1200,08/22/2024,False
433,Townhomes at Blendon,Classic,2x1,1100,1200,08/23/2024,False
434,Townhomes at Blendon,Classic,2x1,1100,1200,08/24/2024,False
435,Townhomes at Blendon,Classic,2x1,1100,1200,08/25/2024,False
436,Townhomes at Blendon,Classic,2x1,1100,1200,08/26/2024,False
437,Townhomes at Blendon,Classic,2x1,1100,1200,08/27/2024,False
438,Townhomes at Blendon,Classic,2x1,1100,1200,08/28/2024,False
439,Townhomes at Blendon,Classic,2x1,1100,1200,08/29/2024,False
440,Townhomes at Blendon,Classic,2x1,1100,1200,08/30/2024,False
441,Townhomes at Blendon,Classic,2x1,1100,1200,08/31/2024,False
442,Townhomes at Blendon,Classic,2x1,1100,1200,09/01/2024,False
443,Townhomes at Blendon,Classic,2x1,1100,1200,09/02/2024,False
444,Townhomes at Blendon,Classic,2x1,1100,1200,09/03/2024,False
445,Townhomes at Blendon,Classic,2x1,1100,1200,09/04/2024,False
446,Townhomes at Blendon,Classic,2x1,1100,1200,09/05/2024,False
447,Townhomes at Blendon,Classic,2x1,1100,1200,09/06/2024,False
448,Townhomes at Blendon,Classic,2x1,1100,1200,09/07/2024,False
449,Townhomes at Blendon,Classic,2x1,1100,1200,09/08/2024,False
450,Townhomes at Blendon,Classic,2x1,1100,1200,09/09/2024,False
451,Townhomes at Blendon,Classic,2x1,1100,1200,09/10/2024,False
452,Townhomes at Blendon,Classic,2x1,1100,1200,09/11/2024,False
453,Townhomes at Blendon,Classic,2x1,1100,1200,09/12/2024,False
454,Townhomes at Blendon,Classic,2x1,1100,1200,09/13/2024,False
455,Townhomes at Blendon,Classic,2x1,1100,1200,09/14/2024,False
456,Townhomes at Blendon,Classic,2x1,1100,1200,09/15/2024,False
457,Townhomes at Blendon,Classic,2x1,1100,1200,09/16/2024,False
458,Townhomes at Blendon,Classic,2x1,1100,1200,09/17/2024,False
459,Townhomes at Blendon,Classic,2x1,1100,1200,09/18/2024,False
460,Townhomes at Blendon,Classic,2x1,1100,1200,09/19/2024,False
461,Townhomes at Blendon,Classic,2x1,1100,1200,09/20/2024,False
462,Townhomes at Blendon,Classic,2x1,1100,1200,09/21/2024,False
463,Townhomes at Blendon,Classic,2x1,1100,1200,09/22/2024,False
464,Townhomes at Blendon,Classic,2x1,1100,1200,09/23/2024,False
465,Townhomes at Blendon,Classic,2x1,1100,1200,09/24/2024,True
466,Townhomes at Blendon,Renovated,2x1,1100,1200,06/17/2023,False
467,Townhomes at Blendon,Renovated,2x1,1100,1200,06/18/2023,False
468,Townhomes at Blendon,Renovated,2x1,1100,1200,06/19/2023,False
469,Townhomes at Blendon,Renovated,2x1,1100,1200,06/20/2023,False
470,Townhomes at Blendon,Renovated,2x1,1100,1200,06/21/2023,False
471,Townhomes at Blendon,Renovated,2x1,1100,1200,06/22/2023,False
472,Townhomes at Blendon,Renovated,2x1,1100,1200,06/23/2023,False
473,Townhomes at Blendon,Renovated,2x1,1100,1200,06/24/2023,False
474,Townhomes at Blendon,Renovated,2x1,1100,1200,06/25/2023,False
475,Townhomes at Blendon,Renovated,2x1,1100,1200,06/26/2023,False
476,Townhomes at Blendon,Renovated,2x1,1100,1200,06/27/2023,False
477,Townhomes at Blendon,Renovated,2x1,1100,1200,06/28/2023,False
478,Townhomes at Blendon,Renovated,2x1,1100,1200,06/29/2023,False
479,Townhomes at Blendon,Renovated,2x1,1100,1200,06/30/2023,False
480,Townhomes at Blendon,Renovated,2x1,1100,1200,07/01/2023,False
481,Townhomes at Blendon,Renovated,2x1,1100,1200,07/02/2023,False
482,Townhomes at Blendon,Renovated,2x1,1100,1200,07/03/2023,False
483,Townhomes at Blendon,Renovated,2x1,1100,1200,07/04/2023,False
484,Townhomes at Blendon,Renovated,2x1,1100,1200,07/05/2023,False
485,Townhomes at Blendon,Renovated,2x1,1100,1200,07/06/2023,False
486,Townhomes at Blendon,Renovated,2x1,1100,1200,07/07/2023,False
487,Townhomes at Blendon,Renovated,2x1,1100,1200,07/08/2023,False
488,Townhomes at Blendon,Renovated,2x1,1100,1200,07/09/2023,False
489,Townhomes at Blendon,Renovated,2x1,1100,1200,07/10/2023,False
490,Townhomes at Blendon,Renovated,2x1,1100,1200,07/11/2023,False
491,Townhomes at Blendon,Renovated,2x1,1100,1200,07/12/2023,False
492,Townhomes at Blendon,Renovated,2x1,1100,1200,07/13/2023,False
493,Townhomes at Blendon,Renovated,2x1,1100,1200,07/14/2023,False
494,Townhomes at Blendon,Renovated,2x1,1100,1200,07/15/2023,False
495,Townhomes at Blendon,Renovated,2x1,1100,1200,07/16/2023,False
496,Townhomes at Blendon,Renovated,2x1,1100,1200,07/17/2023,False
497,Townhomes at Blendon,Renovated,2x1,1100,1200,07/18/2023,False
498,Townhomes at Blendon,Renovated,2x1,1100,1200,07/19/2023,False
499,Townhomes at Blendon,Renovated,2x1,1100,1200,07/20/2023,False
500,Townhomes at Blendon,Renovated,2x1,1100,1200,07/21/2023,False
501,Townhomes at Blendon,Renovated,2x1,1100,1200,07/22/2023,False
502,Townhomes at Blendon,Renovated,2x1,1100,1200,07/23/2023,False
503,Townhomes at Blendon,Renovated,2x1,1100,1200,07/24/2023,False
504,Townhomes at Blendon,Renovated,2x1,1100,1200,07/25/2023,False
505,Townhomes at Blendon,Renovated,2x1,1100,1200,07/26/2023,False
506,Townhomes at Blendon,Renovated,2x1,1100,1200,07/27/2023,False
507,Townhomes at Blendon,Renovated,2x1,1100,1200,07/28/2023,False
508,Townhomes at Blendon,Renovated,2x1,1100,1200,07/29/2023,False
509,Townhomes at Blendon,Renovated,2x1,1100,1200,07/30/2023,False
510,Townhomes at Blendon,Renovated,2x1,1100,1200,07/31/2023,False
511,Townhomes at Blendon,Renovated,2x1,1100,1200,08/01/2023,False
512,Townhomes at Blendon,Renovated,2x1,1100,1200,08/02/2023,False
513,Townhomes at Blendon,Renovated,2x1,1100,1200,08/03/2023,False
514,Townhomes at Blendon,Renovated,2x1,1100,1200,08/04/2023,False
515,Townhomes at Blendon,Renovated,2x1,1100,1200,08/05/2023,False
516,Townhomes at Blendon,Renovated,2x1,1100,1200,08/06/2023,False
517,Townhomes at Blendon,Renovated,2x1,1100,1200,08/07/2023,False
518,Townhomes at Blendon,Renovated,2x1,1100,1200,08/08/2023,False
519,Townhomes at Blendon,Renovated,2x1,1100,1200,08/09/2023,False
520,Townhomes at Blendon,Renovated,2x1,1100,1200,08/10/2023,False
521,Townhomes at Blendon,Renovated,2x1,1100,1200,08/11/2023,False
522,Townhomes at Blendon,Renovated,2x1,1100,1200,08/12/2023,False
523,Townhomes at Blendon,Renovated,2x1,1100,1200,08/13/2023,False
524,Townhomes at Blendon,Renovated,2x1,1100,1200,08/14/2023,False
525,Townhomes at Blendon,Renovated,2x1,1100,1200,08/15/2023,False
526,Townhomes at Blendon,Renovated,2x1,1100,1200,08/16/2023,False
527,Townhomes at Blendon,Renovated,2x1,1100,1200,08/17/2023,False
528,Townhomes at Blendon,Renovated,2x1,1100,1200,08/18/2023,False
529,Townhomes at Blendon,Renovated,2x1,1100,1200,08/19/2023,False
530,Townhomes at Blendon,Renovated,2x1,1100,1200,08/20/2023,False
531,Townhomes at Blendon,Renovated,2x1,1100,1200,08/21/2023,False
532,Townhomes at Blendon,Renovated,2x1,1100,1200,08/22/2023,False
533,Townhomes at Blendon,Renovated,2x1,1100,1200,08/23/2023,False
534,Townhomes at Blendon,Renovated,2x1,1100,1200,08/24/2023,False
535,Townhomes at Blendon,Renovated,2x1,1100,1200,08/25/2023,False
536,Townhomes at Blendon,Renovated,2x1,1100,1200,08/26/2023,False
537,Townhomes at Blendon,Renovated,2x1,1100,1200,08/27/2023,False
538,Townhomes at Blendon,Renovated,2x1,1100,1200,08/28/2023,False
539,Townhomes at Blendon,Renovated,2x1,1100,1200,08/29/2023,False
540,Townhomes at Blendon,Renovated,2x1,1100,1200,08/30/2023,False
541,Townhomes at Blendon,Renovated,2x1,1100,1200,08/31/2023,False
542,Townhomes at Blendon,Renovated,2x1,1100,1200,09/01/2023,False
543,Townhomes at Blendon,Renovated,2x1,1100,1200,09/02/2023,False
544,Townhomes at Blendon,Renovated,2x1,1100,1200,09/03/2023,False
545,Townhomes at Blendon,Renovated,2x1,1100,1200,09/04/2023,False
546,Townhomes at Blendon,Renovated,2x1,1100,1200,09/05/2023,False
547,Townhomes at Blendon,Renovated,2x1,1100,1200,09/06/2023,False
548,Townhomes at Blendon,Renovated,2x1,1100,1200,09/07/2023,False
549,Townhomes at Blendon,Renovated,2x1,1100,1200,09/08/2023,False
550,Townhomes at Blendon,Renovated,2x1,1100,1200,09/09/2023,False
551,Townhomes at Blendon,Renovated,2x1,1100,1200,09/10/2023,False
552,Townhomes at Blendon,Renovated,2x1,1100,1200,09/11/2023,False
553,Townhomes at Blendon,Renovated,2x1,1100,1200,09/12/2023,False
554,Townhomes at Blendon,Renovated,2x1,1100,1200,09/13/2023,False
555,Townhomes at Blendon,Renovated,2x1,1100,1200,09/14/2023,False
556,Townhomes at Blendon,Renovated,2x1,1100,1200,09/15/2023,False
557,Townhomes at Blendon,Renovated,2x1,1100,1200,09/16/2023,False
558,Townhomes at Blendon,Renovated,2x1,1100,1200,09/17/2023,False
559,Townhomes at Blendon,Renovated,2x1,1100,1200,09/18/2023,False
560,Townhomes at Blendon,Renovated,2x1,1100,1200,09/19/2023,False
561,Townhomes at Blendon,Renovated,2x1,1100,1200,09/20/2023,False
562,Townhomes at Blendon,Renovated,2x1,1100,1200,09/21/2023,False
563,Townhomes at Blendon,Renovated,2x1,1100,1200,09/22/2023,False
564,Townhomes at Blendon,Renovated,2x1,1100,1200,09/23/2023,False
565,Townhomes at Blendon,Renovated,2x1,1100,1200,09/24/2023,False
566,Townhomes at Blendon,Renovated,2x1,1100,1200,09/25/2023,False
567,Townhomes at Blendon,Renovated,2x1,1100,1200,09/26/2023,False
568,Townhomes at Blendon,Renovated,2x1,1100,1200,09/27/2023,False
569,Townhomes at Blendon,Renovated,2x1,1100,1200,09/28/2023,False
570,Townhomes at Blendon,Renovated,2x1,1100,1200,09/29/2023,False
571,Townhomes at Blendon,Renovated,2x1,1100,1200,09/30/2023,False
572,Townhomes at Blendon,Renovated,2x1,1100,1200,10/01/2023,False
573,Townhomes at Blendon,Renovated,2x1,1100,1200,10/02/2023,False
574,Townhomes at Blendon,Renovated,2x1,1100,1200,10/03/2023,False
575,Townhomes at Blendon,Renovated,2x1,1100,1200,10/04/2023,False
576,Townhomes at Blendon,Renovated,2x1,1100,1200,10/05/2023,False
577,Townhomes at Blendon,Renovated,2x1,1100,1200,10/06/2023,False
578,Townhomes at Blendon,Renovated,2x1,1100,1200,10/07/2023,False
579,Townhomes at Blendon,Renovated,2x1,1100,1200,10/08/2023,False
580,Townhomes at Blendon,Renovated,2x1,1100,1200,10/09/2023,False
581,Townhomes at Blendon,Renovated,2x1,1100,1200,10/10/2023,False
582,Townhomes at Blendon,Renovated,2x1,1100,1200,10/11/2023,False
583,Townhomes at Blendon,Renovated,2x1,1100,1200,10/12/2023,False
584,Townhomes at Blendon,Renovated,2x1,1100,1200,10/13/2023,False
585,Townhomes at Blendon,Renovated,2x1,1100,1200,10/14/2023,False
586,Townhomes at Blendon,Renovated,2x1,1100,1200,10/15/2023,False
587,Townhomes at Blendon,Renovated,2x1,1100,1200,10/16/2023,False
588,Townhomes at Blendon,Renovated,2x1,1100,1200,10/17/2023,False
589,Townhomes at Blendon,Renovated,2x1,1100,1200,10/18/2023,False
590,Townhomes at Blendon,Renovated,2x1,1100,1200,10/19/2023,False
591,Townhomes at Blendon,Renovated,2x1,1100,1200,10/20/2023,False
592,Townhomes at Blendon,Renovated,2x1,1100,1200,10/21/2023,False
593,Townhomes at Blendon,Renovated,2x1,1100,1200,10/22/2023,False
594,Townhomes at Blendon,Renovated,2x1,1100,1200,10/23/2023,False
595,Townhomes at Blendon,Renovated,2x1,1100,1200,10/24/2023,False
596,Townhomes at Blendon,Renovated,2x1,1100,1200,10/25/2023,False
597,Townhomes at Blendon,Renovated,2x1,1100,1150,10/26/2023,False
598,Townhomes at Blendon,Renovated,2x1,1100,1150,10/27/2023,False
599,Townhomes at Blendon,Renovated,2x1,1100,1150,10/28/2023,False
600,Townhomes at Blendon,Renovated,2x1,1100,1150,10/29/2023,False
601,Townhomes at Blendon,Renovated,2x1,1100,1150,10/30/2023,False
602,Townhomes at Blendon,Renovated,2x1,1100,1150,10/31/2023,False
603,Townhomes at Blendon,Renovated,2x1,1100,1150,11/01/2023,False
604,Townhomes at Blendon,Renovated,2x1,1100,1150,11/02/2023,False
605,Townhomes at Blendon,Renovated,2x1,1100,1150,11/03/2023,False
606,Townhomes at Blendon,Renovated,2x1,1100,1150,11/04/2023,False
607,Townhomes at Blendon,Renovated,2x1,1100,1150,11/05/2023,False
608,Townhomes at Blendon,Renovated,2x1,1100,1150,11/06/2023,False
609,Townhomes at Blendon,Renovated,2x1,1100,1150,11/07/2023,False
610,Townhomes at Blendon,Renovated,2x1,1100,1150,11/08/2023,False
611,Townhomes at Blendon,Renovated,2x1,1100,1150,11/09/2023,False
612,Townhomes at Blendon,Renovated,2x1,1100,1150,11/10/2023,False
613,Townhomes at Blendon,Renovated,2x1,1100,1150,11/11/2023,False
614,Townhomes at Blendon,Renovated,2x1,1100,1150,11/12/2023,False
615,Townhomes at Blendon,Renovated,2x1,1100,1150,11/13/2023,False
616,Townhomes at Blendon,Renovated,2x1,1100,1150,11/14/2023,False
617,Townhomes at Blendon,Renovated,2x1,1100,1250,11/15/2023,False
618,Townhomes at Blendon,Renovated,2x1,1100,1250,11/16/2023,False
619,Townhomes at Blendon,Renovated,2x1,1100,1250,11/17/2023,False
620,Townhomes at Blendon,Renovated,2x1,1100,1250,11/18/2023,False
621,Townhomes at Blendon,Renovated,2x1,1100,1250,11/19/2023,False
622,Townhomes at Blendon,Renovated,2x1,1100,1250,11/20/2023,False
623,Townhomes at Blendon,Renovated,2x1,1100,1250,11/21/2023,False
624,Townhomes at Blendon,Renovated,2x1,1100,1217,11/22/2023,False
625,Townhomes at Blendon,Renovated,2x1,1100,1217,11/23/2023,False
626,Townhomes at Blendon,Renovated,2x1,1100,1217,11/24/2023,False
627,Townhomes at Blendon,Renovated,2x1,1100,1217,11/25/2023,False
628,Townhomes at Blendon,Renovated,2x1,1100,1217,11/26/2023,False
629,Townhomes at Blendon,Renovated,2x1,1100,1217,11/27/2023,False
630,Townhomes at Blendon,Renovated,2x1,1100,1217,11/28/2023,False
631,Townhomes at Blendon,Renovated,2x1,1100,1217,11/29/2023,False
632,Townhomes at Blendon,Renovated,2x1,1100,1217,11/30/2023,False
633,Townhomes at Blendon,Renovated,2x1,1100,1217,12/01/2023,False
634,Townhomes at Blendon,Renovated,2x1,1100,1217,12/02/2023,False
635,Townhomes at Blendon,Renovated,2x1,1100,1217,12/03/2023,False
636,Townhomes at Blendon,Renovated,2x1,1100,1217,12/04/2023,False
637,Townhomes at Blendon,Renovated,2x1,1100,1217,12/05/2023,False
638,Townhomes at Blendon,Renovated,2x1,1100,1217,12/06/2023,False
639,Townhomes at Blendon,Renovated,2x1,1100,1217,12/07/2023,False
640,Townhomes at Blendon,Renovated,2x1,1100,1217,12/08/2023,False
641,Townhomes at Blendon,Renovated,2x1,1100,1217,12/09/2023,False
642,Townhomes at Blendon,Renovated,2x1,1100,1217,12/10/2023,False
643,Townhomes at Blendon,Renovated,2x1,1100,1217,12/11/2023,False
644,Townhomes at Blendon,Renovated,2x1,1100,1217,12/12/2023,False
645,Townhomes at Blendon,Renovated,2x1,1100,1217,12/13/2023,False
646,Townhomes at Blendon,Renovated,2x1,1100,1217,12/14/2023,False
647,Townhomes at Blendon,Renovated,2x1,1100,1217,12/15/2023,False
648,Townhomes at Blendon,Renovated,2x1,1100,1192,12/16/2023,False
649,Townhomes at Blendon,Renovated,2x1,1100,1192,12/17/2023,False
650,Townhomes at Blendon,Renovated,2x1,1100,1192,12/18/2023,False
651,Townhomes at Blendon,Renovated,2x1,1100,1192,12/19/2023,False
652,Townhomes at Blendon,Renovated,2x1,1100,1192,12/20/2023,False
653,Townhomes at Blendon,Renovated,2x1,1100,1192,12/21/2023,False
654,Townhomes at Blendon,Renovated,2x1,1100,1192,12/22/2023,False
655,Townhomes at Blendon,Renovated,2x1,1100,1192,12/23/2023,False
656,Townhomes at Blendon,Renovated,2x1,1100,1192,12/24/2023,False
657,Townhomes at Blendon,Renovated,2x1,1100,1192,12/25/2023,False
658,Townhomes at Blendon,Renovated,2x1,1100,1192,12/26/2023,False
659,Townhomes at Blendon,Renovated,2x1,1100,1192,12/27/2023,False
660,Townhomes at Blendon,Renovated,2x1,1100,1192,12/28/2023,False
661,Townhomes at Blendon,Renovated,2x1,1100,1192,12/29/2023,False
662,Townhomes at Blendon,Renovated,2x1,1100,1192,12/30/2023,False
663,Townhomes at Blendon,Renovated,2x1,1100,1192,12/31/2023,False
664,Townhomes at Blendon,Renovated,2x1,1100,1300,01/01/2024,False
665,Townhomes at Blendon,Renovated,2x1,1100,1300,01/02/2024,False
666,Townhomes at Blendon,Renovated,2x1,1100,1300,01/03/2024,False
667,Townhomes at Blendon,Renovated,2x1,1100,1300,01/04/2024,False
668,Townhomes at Blendon,Renovated,2x1,1100,1300,01/05/2024,False
669,Townhomes at Blendon,Renovated,2x1,1100,1300,01/06/2024,False
670,Townhomes at Blendon,Renovated,2x1,1100,1300,01/07/2024,False
671,Townhomes at Blendon,Renovated,2x1,1100,1300,01/08/2024,False
672,Townhomes at Blendon,Renovated,2x1,1100,1300,01/09/2024,False
673,Townhomes at Blendon,Renovated,2x1,1100,1300,01/10/2024,False
674,Townhomes at Blendon,Renovated,2x1,1100,1300,01/11/2024,False
675,Townhomes at Blendon,Renovated,2x1,1100,1300,01/12/2024,False
676,Townhomes at Blendon,Renovated,2x1,1100,1300,01/13/2024,False
677,Townhomes at Blendon,Renovated,2x1,1100,1300,01/14/2024,False
678,Townhomes at Blendon,Renovated,2x1,1100,1300,01/15/2024,False
679,Townhomes at Blendon,Renovated,2x1,1100,1300,01/16/2024,False
680,Townhomes at Blendon,Renovated,2x1,1100,1300,01/17/2024,False
681,Townhomes at Blendon,Renovated,2x1,1100,1300,01/18/2024,False
682,Townhomes at Blendon,Renovated,2x1,1100,1300,01/19/2024,False
683,Townhomes at Blendon,Renovated,2x1,1100,1300,01/20/2024,False
684,Townhomes at Blendon,Renovated,2x1,1100,1300,01/21/2024,False
685,Townhomes at Blendon,Renovated,2x1,1100,1300,01/22/2024,False
686,Townhomes at Blendon,Renovated,2x1,1100,1300,01/23/2024,False
687,Townhomes at Blendon,Renovated,2x1,1100,1300,01/24/2024,False
688,Townhomes at Blendon,Renovated,2x1,1100,1300,01/25/2024,False
689,Townhomes at Blendon,Renovated,2x1,1100,1300,01/26/2024,False
690,Townhomes at Blendon,Renovated,2x1,1100,1300,01/27/2024,False
691,Townhomes at Blendon,Renovated,2x1,1100,1300,01/28/2024,False
692,Townhomes at Blendon,Renovated,2x1,1100,1300,01/29/2024,False
693,Townhomes at Blendon,Renovated,2x1,1100,1300,01/30/2024,False
694,Townhomes at Blendon,Renovated,2x1,1100,1300,01/31/2024,False
695,Townhomes at Blendon,Renovated,2x1,1100,1300,02/01/2024,False
696,Townhomes at Blendon,Renovated,2x1,1100,1300,02/02/2024,False
697,Townhomes at Blendon,Renovated,2x1,1100,1300,02/03/2024,False
698,Townhomes at Blendon,Renovated,2x1,1100,1300,02/04/2024,False
699,Townhomes at Blendon,Renovated,2x1,1100,1300,02/05/2024,False
700,Townhomes at Blendon,Renovated,2x1,1100,1300,02/06/2024,False
701,Townhomes at Blendon,Renovated,2x1,1100,1300,02/07/2024,False
702,Townhomes at Blendon,Renovated,2x1,1100,1300,02/08/2024,False
703,Townhomes at Blendon,Renovated,2x1,1100,1300,02/09/2024,False
704,Townhomes at Blendon,Renovated,2x1,1100,1300,02/10/2024,False
705,Townhomes at Blendon,Renovated,2x1,1100,1300,02/11/2024,False
706,Townhomes at Blendon,Renovated,2x1,1100,1300,02/12/2024,False
707,Townhomes at Blendon,Renovated,2x1,1100,1300,02/13/2024,False
708,Townhomes at Blendon,Renovated,2x1,1100,1300,02/14/2024,False
709,Townhomes at Blendon,Renovated,2x1,1100,1300,02/15/2024,False
710,Townhomes at Blendon,Renovated,2x1,1100,1300,02/16/2024,False
711,Townhomes at Blendon,Renovated,2x1,1100,1300,02/17/2024,False
712,Townhomes at Blendon,Renovated,2x1,1100,1300,02/18/2024,False
713,Townhomes at Blendon,Renovated,2x1,1100,1300,02/19/2024,False
714,Townhomes at Blendon,Renovated,2x1,1100,1300,02/20/2024,False
715,Townhomes at Blendon,Renovated,2x1,1100,1300,02/21/2024,False
716,Townhomes at Blendon,Renovated,2x1,1100,1225,02/22/2024,False
717,Townhomes at Blendon,Renovated,2x1,1100,1225,02/23/2024,False
718,Townhomes at Blendon,Renovated,2x1,1100,1225,02/24/2024,False
719,Townhomes at Blendon,Renovated,2x1,1100,1225,02/25/2024,False
720,Townhomes at Blendon,Renovated,2x1,1100,1225,02/26/2024,False
721,Townhomes at Blendon,Renovated,2x1,1100,1225,02/27/2024,False
722,Townhomes at Blendon,Renovated,2x1,1100,1225,02/28/2024,False
723,Townhomes at Blendon,Renovated,2x1,1100,1225,02/29/2024,False
724,Townhomes at Blendon,Renovated,2x1,1100,1225,03/01/2024,False
725,Townhomes at Blendon,Renovated,2x1,1100,1225,03/02/2024,False
726,Townhomes at Blendon,Renovated,2x1,1100,1225,03/03/2024,False
727,Townhomes at Blendon,Renovated,2x1,1100,1225,03/04/2024,False
728,Townhomes at Blendon,Renovated,2x1,1100,1225,03/05/2024,False
729,Townhomes at Blendon,Renovated,2x1,1100,1225,03/06/2024,False
730,Townhomes at Blendon,Renovated,2x1,1100,1225,03/07/2024,False
731,Townhomes at Blendon,Renovated,2x1,1100,1225,03/08/2024,False
732,Townhomes at Blendon,Renovated,2x1,1100,1225,03/09/2024,False
733,Townhomes at Blendon,Renovated,2x1,1100,1225,03/10/2024,False
734,Townhomes at Blendon,Renovated,2x1,1100,1225,03/11/2024,False
735,Townhomes at Blendon,Renovated,2x1,1100,1225,03/12/2024,False
736,Townhomes at Blendon,Renovated,2x1,1100,1225,03/13/2024,False
737,Townhomes at Blendon,Renovated,2x1,1100,1225,03/14/2024,False
738,Townhomes at Blendon,Renovated,2x1,1100,1225,03/15/2024,False
739,Townhomes at Blendon,Renovated,2x1,1100,1225,03/16/2024,False
740,Townhomes at Blendon,Renovated,2x1,1100,1225,03/17/2024,False
741,Townhomes at Blendon,Renovated,2x1,1100,1225,03/18/2024,False
742,Townhomes at Blendon,Renovated,2x1,1100,1225,03/19/2024,False
743,Townhomes at Blendon,Renovated,2x1,1100,1225,03/20/2024,False
744,Townhomes at Blendon,Renovated,2x1,1100,1225,03/21/2024,False
745,Townhomes at Blendon,Renovated,2x1,1100,1225,03/22/2024,False
746,Townhomes at Blendon,Renovated,2x1,1100,1225,03/23/2024,False
747,Townhomes at Blendon,Renovated,2x1,1100,1300,03/24/2024,False
748,Townhomes at Blendon,Renovated,2x1,1100,1300,03/25/2024,False
749,Townhomes at Blendon,Renovated,2x1,1100,1300,03/26/2024,False
750,Townhomes at Blendon,Renovated,2x1,1100,1300,03/27/2024,False
751,Townhomes at Blendon,Renovated,2x1,1100,1300,03/28/2024,False
752,Townhomes at Blendon,Renovated,2x1,1100,1300,03/29/2024,False
753,Townhomes at Blendon,Renovated,2x1,1100,1300,03/30/2024,False
754,Townhomes at Blendon,Renovated,2x1,1100,1300,03/31/2024,False
755,Townhomes at Blendon,Renovated,2x1,1100,1300,04/01/2024,False
756,Townhomes at Blendon,Renovated,2x1,1100,1300,04/02/2024,False
757,Townhomes at Blendon,Renovated,2x1,1100,1300,04/03/2024,False
758,Townhomes at Blendon,Renovated,2x1,1100,1300,04/04/2024,False
759,Townhomes at Blendon,Renovated,2x1,1100,1300,04/05/2024,False
760,Townhomes at Blendon,Renovated,2x1,1100,1300,04/06/2024,False
761,Townhomes at Blendon,Renovated,2x1,1100,1300,04/07/2024,False
762,Townhomes at Blendon,Renovated,2x1,1100,1300,04/08/2024,False
763,Townhomes at Blendon,Renovated,2x1,1100,1300,04/09/2024,False
764,Townhomes at Blendon,Renovated,2x1,1100,1300,04/10/2024,False
765,Townhomes at Blendon,Renovated,2x1,1100,1300,04/11/2024,False
766,Townhomes at Blendon,Renovated,2x1,1100,1300,04/12/2024,False
767,Townhomes at Blendon,Renovated,2x1,1100,1300,04/13/2024,False
768,Townhomes at Blendon,Renovated,2x1,1100,1300,04/14/2024,False
769,Townhomes at Blendon,Renovated,2x1,1100,1300,04/15/2024,False
770,Townhomes at Blendon,Renovated,2x1,1100,1300,04/16/2024,False
771,Townhomes at Blendon,Renovated,2x1,1100,1300,04/17/2024,False
772,Townhomes at Blendon,Renovated,2x1,1100,1300,04/18/2024,False
773,Townhomes at Blendon,Renovated,2x1,1100,1300,04/19/2024,False
774,Townhomes at Blendon,Renovated,2x1,1100,1300,04/20/2024,False
775,Townhomes at Blendon,Renovated,2x1,1100,1300,04/21/2024,False
776,Townhomes at Blendon,Renovated,2x1,1100,1300,04/22/2024,False
777,Townhomes at Blendon,Renovated,2x1,1100,1300,04/23/2024,False
778,Townhomes at Blendon,Renovated,2x1,1100,1300,04/24/2024,False
779,Townhomes at Blendon,Renovated,2x1,1100,1300,04/25/2024,False
780,Townhomes at Blendon,Renovated,2x1,1100,1300,04/26/2024,False
781,Townhomes at Blendon,Renovated,2x1,1100,1300,04/27/2024,False
782,Townhomes at Blendon,Renovated,2x1,1100,1300,04/28/2024,False
783,Townhomes at Blendon,Renovated,2x1,1100,1300,04/29/2024,False
784,Townhomes at Blendon,Renovated,2x1,1100,1300,04/30/2024,False
785,Townhomes at Blendon,Renovated,2x1,1100,1300,05/01/2024,False
786,Townhomes at Blendon,Renovated,2x1,1100,1300,05/02/2024,False
787,Townhomes at Blendon,Renovated,2x1,1100,1300,05/03/2024,False
788,Townhomes at Blendon,Renovated,2x1,1100,1300,05/04/2024,False
789,Townhomes at Blendon,Renovated,2x1,1100,1300,05/05/2024,False
790,Townhomes at Blendon,Renovated,2x1,1100,1300,05/06/2024,False
791,Townhomes at Blendon,Renovated,2x1,1100,1300,05/07/2024,False
792,Townhomes at Blendon,Renovated,2x1,1100,1300,05/08/2024,False
793,Townhomes at Blendon,Renovated,2x1,1100,1300,05/09/2024,False
794,Townhomes at Blendon,Renovated,2x1,1100,1300,05/10/2024,False
795,Townhomes at Blendon,Renovated,2x1,1100,1300,05/11/2024,False
796,Townhomes at Blendon,Renovated,2x1,1100,1300,05/12/2024,False
797,Townhomes at Blendon,Renovated,2x1,1100,1300,05/13/2024,False
798,Townhomes at Blendon,Renovated,2x1,1100,1300,05/14/2024,False
799,Townhomes at Blendon,Renovated,2x1,1100,1300,05/15/2024,False
800,Townhomes at Blendon,Renovated,2x1,1100,1258,05/16/2024,False
801,Townhomes at Blendon,Renovated,2x1,1100,1258,05/17/2024,False
802,Townhomes at Blendon,Renovated,2x1,1100,1258,05/18/2024,False
803,Townhomes at Blendon,Renovated,2x1,1100,1258,05/19/2024,False
804,Townhomes at Blendon,Renovated,2x1,1100,1258,05/20/2024,False
805,Townhomes at Blendon,Renovated,2x1,1100,1258,05/21/2024,False
806,Townhomes at Blendon,Renovated,2x1,1100,1258,05/22/2024,False
807,Townhomes at Blendon,Renovated,2x1,1100,1258,05/23/2024,False
808,Townhomes at Blendon,Renovated,2x1,1100,1258,05/24/2024,False
809,Townhomes at Blendon,Renovated,2x1,1100,1258,05/25/2024,False
810,Townhomes at Blendon,Renovated,2x1,1100,1258,05/26/2024,False
811,Townhomes at Blendon,Renovated,2x1,1100,1258,05/27/2024,False
812,Townhomes at Blendon,Renovated,2x1,1100,1258,05/28/2024,False
813,Townhomes at Blendon,Renovated,2x1,1100,1258,05/29/2024,False
814,Townhomes at Blendon,Renovated,2x1,1100,1258,05/30/2024,False
815,Townhomes at Blendon,Renovated,2x1,1100,1258,05/31/2024,False
816,Townhomes at Blendon,Renovated,2x1,1100,1258,06/01/2024,False
817,Townhomes at Blendon,Renovated,2x1,1100,1258,06/02/2024,False
818,Townhomes at Blendon,Renovated,2x1,1100,1258,06/03/2024,False
819,Townhomes at Blendon,Renovated,2x1,1100,1258,06/04/2024,False
820,Townhomes at Blendon,Renovated,2x1,1100,1258,06/05/2024,False
821,Townhomes at Blendon,Renovated,2x1,1100,1258,06/06/2024,False
822,Townhomes at Blendon,Renovated,2x1,1100,1258,06/07/2024,False
823,Townhomes at Blendon,Renovated,2x1,1100,1258,06/08/2024,False
824,Townhomes at Blendon,Renovated,2x1,1100,1258,06/09/2024,False
825,Townhomes at Blendon,Renovated,2x1,1100,1258,06/10/2024,False
826,Townhomes at Blendon,Renovated,2x1,1100,1258,06/11/2024,False
827,Townhomes at Blendon,Renovated,2x1,1100,1258,06/12/2024,False
828,Townhomes at Blendon,Renovated,2x1,1100,1258,06/13/2024,False
829,Townhomes at Blendon,Renovated,2x1,1100,1258,06/14/2024,False
830,Townhomes at Blendon,Renovated,2x1,1100,1258,06/15/2024,False
831,Townhomes at Blendon,Renovated,2x1,1100,1300,06/16/2024,False
832,Townhomes at Blendon,Renovated,2x1,1100,1300,06/17/2024,False
833,Townhomes at Blendon,Renovated,2x1,1100,1300,06/18/2024,False
834,Townhomes at Blendon,Renovated,2x1,1100,1300,06/19/2024,False
835,Townhomes at Blendon,Renovated,2x1,1100,1300,06/20/2024,False
836,Townhomes at Blendon,Renovated,2x1,1100,1300,06/21/2024,False
837,Townhomes at Blendon,Renovated,2x1,1100,1300,06/22/2024,False
838,Townhomes at Blendon,Renovated,2x1,1100,1300,06/23/2024,False
839,Townhomes at Blendon,Renovated,2x1,1100,1300,06/24/2024,False
840,Townhomes at Blendon,Renovated,2x1,1100,1300,06/25/2024,False
841,Townhomes at Blendon,Renovated,2x1,1100,1300,06/26/2024,False
842,Townhomes at Blendon,Renovated,2x1,1100,1300,06/27/2024,False
843,Townhomes at Blendon,Renovated,2x1,1100,1300,06/28/2024,False
844,Townhomes at Blendon,Renovated,2x1,1100,1300,06/29/2024,False
845,Townhomes at Blendon,Renovated,2x1,1100,1300,06/30/2024,False
846,Townhomes at Blendon,Renovated,2x1,1100,1300,07/01/2024,False
847,Townhomes at Blendon,Renovated,2x1,1100,1300,07/02/2024,False
848,Townhomes at Blendon,Renovated,2x1,1100,1300,07/03/2024,False
849,Townhomes at Blendon,Renovated,2x1,1100,1300,07/04/2024,False
850,Townhomes at Blendon,Renovated,2x1,1100,1300,07/05/2024,False
851,Townhomes at Blendon,Renovated,2x1,1100,1300,07/06/2024,False
852,Townhomes at Blendon,Renovated,2x1,1100,1300,07/07/2024,False
853,Townhomes at Blendon,Renovated,2x1,1100,1300,07/08/2024,False
854,Townhomes at Blendon,Renovated,2x1,1100,1300,07/09/2024,False
855,Townhomes at Blendon,Renovated,2x1,1100,1300,07/10/2024,False
856,Townhomes at Blendon,Renovated,2x1,1100,1300,07/11/2024,False
857,Townhomes at Blendon,Renovated,2x1,1100,1300,07/12/2024,False
858,Townhomes at Blendon,Renovated,2x1,1100,1300,07/13/2024,False
859,Townhomes at Blendon,Renovated,2x1,1100,1300,07/14/2024,False
860,Townhomes at Blendon,Renovated,2x1,1100,1300,07/15/2024,False
861,Townhomes at Blendon,Renovated,2x1,1100,1300,07/16/2024,False
862,Townhomes at Blendon,Renovated,2x1,1100,1300,07/17/2024,False
863,Townhomes at Blendon,Renovated,2x1,1100,1300,07/18/2024,False
864,Townhomes at Blendon,Renovated,2x1,1100,1300,07/19/2024,False
865,Townhomes at Blendon,Renovated,2x1,1100,1300,07/20/2024,False
866,Townhomes at Blendon,Renovated,2x1,1100,1300,07/21/2024,False
867,Townhomes at Blendon,Renovated,2x1,1100,1300,07/22/2024,False
868,Townhomes at Blendon,Renovated,2x1,1100,1300,07/23/2024,False
869,Townhomes at Blendon,Renovated,2x1,1100,1300,07/24/2024,False
870,Townhomes at Blendon,Renovated,2x1,1100,1300,07/25/2024,False
871,Townhomes at Blendon,Renovated,2x1,1100,1300,07/26/2024,False
872,Townhomes at Blendon,Renovated,2x1,1100,1300,07/27/2024,False
873,Townhomes at Blendon,Renovated,2x1,1100,1300,07/28/2024,False
874,Townhomes at Blendon,Renovated,2x1,1100,1300,07/29/2024,False
875,Townhomes at Blendon,Renovated,2x1,1100,1300,07/30/2024,False
876,Townhomes at Blendon,Renovated,2x1,1100,1300,07/31/2024,False
877,Townhomes at Blendon,Renovated,2x1,1100,1300,08/01/2024,False
878,Townhomes at Blendon,Renovated,2x1,1100,1300,08/02/2024,False
879,Townhomes at Blendon,Renovated,2x1,1100,1300,08/03/2024,False
880,Townhomes at Blendon,Renovated,2x1,1100,1300,08/04/2024,False
881,Townhomes at Blendon,Renovated,2x1,1100,1300,08/05/2024,False
882,Townhomes at Blendon,Renovated,2x1,1100,1300,08/06/2024,False
883,Townhomes at Blendon,Renovated,2x1,1100,1300,08/07/2024,False
884,Townhomes at Blendon,Renovated,2x1,1100,1300,08/08/2024,False
885,Townhomes at Blendon,Renovated,2x1,1100,1300,08/09/2024,False
886,Townhomes at Blendon,Renovated,2x1,1100,1300,08/10/2024,False
887,Townhomes at Blendon,Renovated,2x1,1100,1300,08/11/2024,False
888,Townhomes at Blendon,Renovated,2x1,1100,1300,08/12/2024,False
889,Townhomes at Blendon,Renovated,2x1,1100,1300,08/13/2024,False
890,Townhomes at Blendon,Renovated,2x1,1100,1300,08/14/2024,False
891,Townhomes at Blendon,Renovated,2x1,1100,1300,08/15/2024,False
892,Townhomes at Blendon,Renovated,2x1,1100,1300,08/16/2024,False
893,Townhomes at Blendon,Renovated,2x1,1100,1300,08/17/2024,False
894,Townhomes at Blendon,Renovated,2x1,1100,1300,08/18/2024,False
895,Townhomes at Blendon,Renovated,2x1,1100,1300,08/19/2024,False
896,Townhomes at Blendon,Renovated,2x1,1100,1300,08/20/2024,False
897,Townhomes at Blendon,Renovated,2x1,1100,1300,08/21/2024,False
898,Townhomes at Blendon,Renovated,2x1,1100,1300,08/22/2024,False
899,Townhomes at Blendon,Renovated,2x1,1100,1300,08/23/2024,False
900,Townhomes at Blendon,Renovated,2x1,1100,1300,08/24/2024,False
901,Townhomes at Blendon,Renovated,2x1,1100,1300,08/25/2024,False
902,Townhomes at Blendon,Renovated,2x1,1100,1300,08/26/2024,False
903,Townhomes at Blendon,Renovated,2x1,1100,1300,08/27/2024,False
904,Townhomes at Blendon,Renovated,2x1,1100,1300,08/28/2024,False
905,Townhomes at Blendon,Renovated,2x1,1100,1300,08/29/2024,False
906,Townhomes at Blendon,Renovated,2x1,1100,1300,08/30/2024,False
907,Townhomes at Blendon,Renovated,2x1,1100,1300,08/31/2024,False
908,Townhomes at Blendon,Renovated,2x1,1100,1300,09/01/2024,False
909,Townhomes at Blendon,Renovated,2x1,1100,1300,09/02/2024,False
910,Townhomes at Blendon,Renovated,2x1,1100,1300,09/03/2024,False
911,Townhomes at Blendon,Renovated,2x1,1100,1300,09/04/2024,False
912,Townhomes at Blendon,Renovated,2x1,1100,1300,09/05/2024,False
913,Townhomes at Blendon,Renovated,2x1,1100,1300,09/06/2024,False
914,Townhomes at Blendon,Renovated,2x1,1100,1300,09/07/2024,False
915,Townhomes at Blendon,Renovated,2x1,1100,1300,09/08/2024,False
916,Townhomes at Blendon,Renovated,2x1,1100,1300,09/09/2024,False
917,Townhomes at Blendon,Renovated,2x1,1100,1300,09/10/2024,False
918,Townhomes at Blendon,Renovated,2x1,1100,1300,09/11/2024,False
919,Townhomes at Blendon,Renovated,2x1,1100,1300,09/12/2024,False
920,Townhomes at Blendon,Renovated,2x1,1100,1300,09/13/2024,False
921,Townhomes at Blendon,Renovated,2x1,1100,1300,09/14/2024,False
922,Townhomes at Blendon,Renovated,2x1,1100,1300,09/15/2024,False
923,Townhomes at Blendon,Renovated,2x1,1100,1300,09/16/2024,False
924,Townhomes at Blendon,Renovated,2x1,1100,1300,09/17/2024,False
925,Townhomes at Blendon,Renovated,2x1,1100,1300,09/18/2024,False
926,Townhomes at Blendon,Renovated,2x1,1100,1300,09/19/2024,False
927,Townhomes at Blendon,Renovated,2x1,1100,1300,09/20/2024,False
928,Townhomes at Blendon,Renovated,2x1,1100,1300,09/21/2024,False
929,Townhomes at Blendon,Renovated,2x1,1100,1300,09/22/2024,False
930,Townhomes at Blendon,Renovated,2x1,1100,1300,09/23/2024,False
931,Townhomes at Blendon,Renovated,2x1,1100,1300,09/24/2024,True
